audioset_101_1.wav,5.050520833333334,5.6689375
audioset_101_2.wav,5.680166666666667,6.0005625
audioset_101_3.wav,6.043145833333333,6.3008125
audioset_101_4.wav,6.6369375,7.118666666666667
audioset_101_5.wav,7.129895833333333,7.522
audioset_101_6.wav,7.562333333333333,7.826708333333333
audioset_102_1.wav,7.367416666666666,7.708
audioset_103_1.wav,5.935604166666667,6.3008125
audioset_106_1.wav,7.64525,7.900666666666667
audioset_106_2.wav,8.960541666666666,9.193541666666667
audioset_106_3.wav,9.433333333333334,9.68875
audioset_107_1.wav,7.336041666666667,7.7169375
audioset_107_2.wav,8.792479166666666,9.2495625
audioset_108_1.wav,0.2845625,0.5556666666666666
audioset_108_2.wav,0.5848125,0.9074583333333334
audioset_108_3.wav,0.9276458333333333,1.3735208333333333
audioset_108_4.wav,3.3834583333333335,3.818125
audioset_108_5.wav,4.6214375,4.938479166666666
audioset_108_6.wav,6.776979166666667,7.026791666666667
audioset_10_1.wav,2.084208333333333,2.44475
audioset_110_1.wav,0.35179166666666667,0.6542708333333334
audioset_110_2.wav,0.7864791666666666,1.1494583333333332
audioset_110_3.wav,2.3616875,2.64175
audioset_110_4.wav,2.8770625,3.2669166666666665
audioset_110_5.wav,5.353020833333333,5.7876875
audioset_111_1.wav,0.5489791666666667,0.7909375
audioset_111_2.wav,1.08225,1.3130208333333333
audioset_113_1.wav,3.7553958333333335,4.109416666666666
audioset_113_10.wav,9.110666666666667,9.475875
audioset_113_2.wav,4.136333333333333,4.472416666666667
audioset_113_3.wav,4.535166666666667,4.893666666666666
audioset_113_4.wav,5.005708333333334,5.2925
audioset_113_5.wav,5.442645833333334,5.707020833333333
audioset_113_6.wav,7.04475,7.528708333333333
audioset_113_7.wav,7.544416666666667,7.947729166666667
audioset_113_8.wav,8.017208333333333,8.4384375
audioset_113_9.wav,8.541520833333333,8.953791666666667
audioset_114_1.wav,1.9785625,2.3146458333333335
audioset_114_2.wav,2.370645833333333,2.7045
audioset_114_3.wav,7.784166666666667,8.162833333333333
audioset_114_4.wav,8.227833333333333,8.5863125
audioset_114_5.wav,8.706229166666667,8.937
audioset_116_1.wav,6.5058541666666665,6.8497916666666665
audioset_117_1.wav,1.9135625,2.3930416666666665
audioset_117_2.wav,3.5940833333333333,4.109416666666666
audioset_118_1.wav,1.5729583333333332,1.7656458333333334
audioset_118_2.wav,2.52975,2.7829166666666665
audioset_118_3.wav,5.353020833333333,5.626354166666666
audioset_118_4.wav,6.867729166666667,7.228458333333333
audioset_119_1.wav,0.5173333333333333,0.8690625
audioset_119_2.wav,1.0487291666666667,1.3268541666666667
audioset_119_3.wav,1.3983125,1.6786041666666667
audioset_119_4.wav,1.7673958333333333,2.0671666666666666
audioset_119_5.wav,2.1764791666666667,2.4026666666666667
audioset_121_1.wav,7.058666666666666,7.861979166666667
audioset_122_1.wav,0.6139583333333334,1.13825
audioset_122_2.wav,1.6390625,1.951625
audioset_122_3.wav,1.1808541666666668,1.5191666666666668
audioset_122_4.wav,6.179833333333334,6.4375
audioset_122_5.wav,6.480083333333333,6.7814375
audioset_122_6.wav,8.756645833333334,9.097208333333333
audioset_123_1.wav,2.2317291666666668,2.5498958333333333
audioset_123_10.wav,7.273291666666666,7.497354166666667
audioset_123_11.wav,9.245104166666666,9.720104166666667
audioset_123_2.wav,2.59025,2.921854166666667
audioset_123_3.wav,2.9890833333333333,3.3431041666666665
audioset_123_4.wav,3.4461875,3.7822708333333335
audioset_123_5.wav,4.99675,5.47175
audioset_123_6.wav,5.513229166666667,5.8806875
audioset_123_7.wav,5.928875,6.305291666666666
audioset_123_8.wav,6.372541666666667,6.668291666666667
audioset_123_9.wav,6.809479166666667,7.109708333333334
audioset_126_1.wav,8.8641875,9.238375
audioset_126_2.wav,9.308958333333333,9.573354166666666
audioset_128_1.wav,0.5198333333333334,0.7864583333333334
audioset_128_2.wav,0.8693958333333334,1.1405
audioset_128_3.wav,1.2301458333333333,1.5079583333333333
audioset_128_4.wav,1.6962083333333333,1.9740416666666667
audioset_128_5.wav,3.7733333333333334,3.9503333333333335
audioset_128_6.wav,6.072291666666667,6.2728125
audioset_128_7.wav,6.417354166666667,6.6111458333333335
audioset_128_8.wav,8.756645833333334,9.005333333333333
audioset_12_1.wav,4.779625,5.165604166666666
audioset_134_1.wav,1.82,2.1591875
audioset_134_2.wav,4.0575,4.40975
audioset_13_1.wav,2.2102083333333336,2.4675208333333334
audioset_13_2.wav,2.6605625,2.9111666666666665
audioset_13_3.wav,3.2100833333333334,3.4835
audioset_13_4.wav,3.7381875,4.030354166666666
audioset_13_5.wav,5.2554375,5.511416666666666
audioset_13_6.wav,6.058291666666666,6.3142708333333335
audioset_13_7.wav,6.5810208333333335,6.850395833333334
audioset_13_8.wav,7.255208333333333,7.5983125
audioset_15_1.wav,7.430791666666667,7.7417291666666666
audioset_15_2.wav,7.7471041666666665,8.044645833333334
audioset_16_1.wav,3.1738958333333334,3.7421875
audioset_16_2.wav,6.575666666666667,6.9857708333333335
audioset_16_3.wav,7.176125,7.5835625
audioset_17_1.wav,2.9849375,3.2382291666666667
audioset_17_2.wav,3.348145833333333,3.5960833333333335
audioset_17_3.wav,3.677875,3.9459166666666667
audioset_18_1.wav,5.4015208333333335,5.6990625
audioset_18_2.wav,6.7043333333333335,7.0635208333333335
audioset_18_3.wav,7.534,7.792666666666666
audioset_18_4.wav,7.851645833333333,8.096916666666667
audioset_19_1.wav,0.439625,0.729125
audioset_19_2.wav,0.90875,1.2143125
audioset_19_3.wav,1.3805416666666666,1.6780625
audioset_19_4.wav,1.8871875,2.088208333333333
audioset_19_5.wav,3.62425,3.8440416666666666
audioset_19_6.wav,5.688354166666667,5.902791666666666
audioset_20_1.wav,4.7555,5.0825
audioset_20_2.wav,6.623916666666666,6.904020833333333
audioset_20_3.wav,8.080854166666667,8.461479166666667
audioset_21_1.wav,0.6752291666666667,1.0488541666666666
audioset_21_2.wav,1.071375,1.3099375
audioset_21_3.wav,3.439208333333333,3.7182916666666666
audioset_21_4.wav,6.45075,6.702833333333333
audioset_24_1.wav,0.8693958333333334,1.4340208333333333
audioset_24_2.wav,5.906479166666666,6.3008125
audioset_24_3.wav,8.012729166666666,8.4698125
audioset_26_1.wav,1.8950833333333332,2.409
audioset_27_1.wav,0.9410833333333334,1.4788333333333334
audioset_27_2.wav,1.4967916666666667,1.9090416666666667
audioset_27_3.wav,1.9090625,2.249645833333333
audioset_27_4.wav,3.280375,3.7643541666666667
audioset_27_5.wav,3.7464375,4.158708333333333
audioset_27_6.wav,4.158729166666666,4.597895833333333
audioset_27_7.wav,7.3853333333333335,7.7169375
audioset_27_8.wav,8.5056875,8.84625
audioset_27_9.wav,8.8641875,9.177875
audioset_28_1.wav,1.5326458333333333,2.195854166666667
audioset_28_2.wav,2.1600208333333333,2.554375
audioset_28_3.wav,2.5364583333333335,3.0831666666666666
audioset_2_1.wav,7.077375,7.513979166666667
audioset_2_2.wav,7.656833333333333,8.171583333333333
audioset_2_3.wav,8.631791666666667,8.885104166666666
audioset_2_4.wav,9.038083333333333,9.304208333333333
audioset_30_1.wav,9.545354166666666,9.939708333333334
audioset_31_1.wav,0.211625,0.4987916666666667
audioset_31_2.wav,1.1525625,1.4624166666666667
audioset_31_3.wav,2.1313125,2.4336041666666666
audioset_31_4.wav,2.9702291666666665,3.2649791666666665
audioset_32_1.wav,0.30472916666666666,0.6811458333333333
audioset_32_2.wav,0.690125,1.227875
audioset_32_3.wav,1.74775,2.6708958333333332
audioset_32_4.wav,3.208666666666667,3.6030208333333333
audioset_32_5.wav,3.6926666666666668,4.1228541666666665
audioset_32_6.wav,9.6170625,9.993479166666667
audioset_33_1.wav,1.3594791666666666,1.8996458333333333
audioset_33_2.wav,2.3858333333333333,2.8539791666666665
audioset_33_3.wav,2.971041666666667,3.3761666666666668
audioset_33_4.wav,5.717,6.1671458333333335
audioset_33_5.wav,7.715708333333334,8.120833333333334
audioset_37_1.wav,1.2996041666666667,1.9000833333333333
audioset_37_2.wav,2.4468541666666668,2.9039375
audioset_37_3.wav,2.921875,3.5223541666666667
audioset_37_4.wav,3.7822916666666666,4.257291666666666
audioset_37_5.wav,4.427604166666667,4.9295
audioset_37_6.wav,9.312333333333333,9.652895833333334
audioset_38_1.wav,4.490354166666667,4.938479166666666
audioset_38_2.wav,5.171520833333333,5.4583125
audioset_38_3.wav,7.743833333333333,7.994770833333333
audioset_38_4.wav,9.545354166666666,9.832145833333334
audioset_3_1.wav,4.565520833333333,4.979208333333333
audioset_3_2.wav,5.026395833333333,5.371354166666666
audioset_40_1.wav,8.505666666666666,8.819333333333333
audioset_41_1.wav,0.06302083333333333,0.5221666666666667
audioset_41_2.wav,3.0745833333333334,3.7092708333333335
audioset_41_3.wav,3.7588125,4.114416666666667
audioset_41_4.wav,5.428895833333334,5.730479166666667
audioset_41_5.wav,5.7035,6.045604166666666
audioset_41_6.wav,6.081625,6.520520833333333
audioset_41_7.wav,8.688041666666667,9.1831875
audioset_41_8.wav,9.176458333333333,9.4893125
audioset_42_1.wav,6.296354166666666,6.834104166666667
audioset_42_2.wav,9.0770625,9.6708125
audioset_43_1.wav,1.8732291666666667,2.5274791666666667
audioset_43_2.wav,2.670916666666667,3.5044166666666667
audioset_44_1.wav,1.0698958333333333,1.4552708333333333
audioset_44_2.wav,1.5070208333333333,2.0246875
audioset_44_3.wav,2.6631875,3.1118125
audioset_44_4.wav,3.1578541666666666,3.8020625
audioset_44_5.wav,3.9976458333333333,4.480791666666667
audioset_46_1.wav,1.5147083333333333,1.9090416666666667
audioset_46_2.wav,9.386291666666667,9.832166666666666
audioset_47_1.wav,5.117770833333333,5.71825
audioset_47_2.wav,5.71825,6.0924375
audioset_47_3.wav,7.64525,8.236770833333333
audioset_48_1.wav,5.108791666666667,5.404541666666667
audioset_49_1.wav,2.4782083333333333,3.275875
audioset_49_2.wav,3.3072708333333334,3.7643541666666667
audioset_49_3.wav,6.569708333333334,7.008875
audioset_4_1.wav,7.791333333333333,8.010458333333334
audioset_50_1.wav,1.1382916666666667,1.6043333333333334
audioset_50_2.wav,2.7516041666666666,3.4148125
audioset_52_1.wav,0.4033333333333333,0.8335208333333334
audioset_52_2.wav,2.2205416666666666,2.679875
audioset_52_3.wav,3.0204791666666666,3.3363958333333334
audioset_52_4.wav,4.156479166666666,4.4119166666666665
audioset_52_5.wav,6.188791666666667,6.49575
audioset_52_6.wav,8.965020833333334,9.294375
audioset_53_1.wav,6.2319375,6.536645833333333
audioset_53_2.wav,7.918625,8.357770833333333
audioset_53_3.wav,8.393645833333334,8.855208333333334
audioset_53_4.wav,9.725729166666667,9.991229166666667
audioset_55_1.wav,4.1979375,4.470166666666667
audioset_58_1.wav,1.1853333333333333,1.44075
audioset_58_2.wav,6.583166666666667,6.834104166666667
audioset_59_1.wav,0.30472916666666666,0.9343541666666667
audioset_59_2.wav,1.6581041666666667,2.1891458333333333
audioset_59_3.wav,4.481395833333333,5.3933333333333335
audioset_59_4.wav,6.038666666666667,7.017833333333333
audioset_59_5.wav,1.6597083333333333,2.3632708333333334
audioset_5_1.wav,2.6525208333333334,3.0170625
audioset_5_2.wav,4.053145833333334,4.3855208333333335
audioset_5_3.wav,4.4163958333333335,4.614729166666667
audioset_61_1.wav,1.0945,1.4939166666666666
audioset_61_2.wav,2.962645833333333,3.3054375
audioset_61_3.wav,3.394604166666667,3.623625
audioset_61_4.wav,5.509708333333333,5.778208333333334
audioset_62_1.wav,0.026895833333333334,0.38985416666666667
audioset_62_2.wav,0.49070833333333336,0.838
audioset_62_3.wav,1.714125,2.1532916666666666
audioset_62_4.wav,2.1936458333333335,2.5655833333333335
audioset_62_5.wav,4.873520833333333,5.3373125
audioset_62_6.wav,5.395583333333334,5.693583333333334
audioset_62_7.wav,5.893020833333333,6.191020833333333
audioset_62_8.wav,6.8464375,7.208291666666667
audioset_62_9.wav,8.929166666666667,9.357125
audioset_63_1.wav,2.612645833333333,3.007
audioset_63_2.wav,4.2886875,4.7099166666666665
audioset_63_3.wav,4.99675,5.328354166666666
audioset_63_4.wav,5.4045625,5.651020833333333
audioset_63_5.wav,6.4263125,6.820645833333334
audioset_63_6.wav,7.1209375,7.3853125
audioset_64_1.wav,2.2361875,2.9621666666666666
audioset_64_2.wav,2.9622083333333333,3.3655
audioset_64_3.wav,4.27525,5.11325
audioset_64_4.wav,5.184958333333333,5.59275
audioset_64_5.wav,6.6996875,7.228458333333333
audioset_64_6.wav,7.264333333333333,7.712458333333333
audioset_64_7.wav,7.7752083333333335,8.1068125
audioset_64_8.wav,8.801458333333333,9.410895833333333
audioset_64_9.wav,9.442291666666666,9.841104166666666
audioset_66_1.wav,0.0105,0.369875
audioset_66_2.wav,0.4119375,0.7733958333333333
audioset_66_3.wav,1.8599791666666667,2.276104166666667
audioset_66_4.wav,2.4484583333333334,2.8162291666666666
audioset_68_1.wav,0.932125,1.2357291666666668
audioset_68_2.wav,1.2480625,1.5315
audioset_69_1.wav,0.8491666666666666,1.2737291666666666
audioset_69_2.wav,1.2800416666666667,1.61025
audioset_69_3.wav,2.707895833333333,3.2834375
audioset_69_4.wav,5.356041666666667,5.808916666666667
audioset_69_5.wav,5.840395833333333,6.211479166666667
audioset_6_1.wav,0.08127083333333333,0.452
audioset_6_2.wav,0.8189583333333333,1.2798541666666667
audioset_6_3.wav,2.04425,2.7286041666666665
audioset_6_4.wav,2.7336875,2.9914375
audioset_6_5.wav,3.5564791666666666,4.350020833333334
audioset_70_1.wav,7.8738125,8.295041666666666
audioset_70_2.wav,8.738708333333333,9.047895833333333
audioset_74_1.wav,3.2422916666666666,3.5962916666666667
audioset_74_2.wav,3.6456041666666668,4.0130625
audioset_74_3.wav,4.087020833333334,4.4163958333333335
audioset_74_4.wav,6.4083958333333335,6.791520833333333
audioset_74_5.wav,7.055958333333334,7.3875416666666665
audioset_74_6.wav,7.4323958333333335,7.824479166666666
audioset_75_1.wav,4.985541666666666,5.3978125
audioset_75_2.wav,5.698083333333333,6.0319375
audioset_76_1.wav,0.7573541666666667,1.0082916666666666
audioset_76_2.wav,2.5521458333333333,2.8994375
audioset_76_3.wav,2.9890833333333333,3.1974583333333335
audioset_76_4.wav,3.580625,3.7912291666666667
audioset_76_5.wav,4.006354166666667,4.1923125
audioset_76_6.wav,4.582229166666667,4.828666666666667
audioset_76_7.wav,8.122520833333333,8.431708333333333
audioset_77_1.wav,1.9068333333333334,2.3459791666666665
audioset_77_2.wav,4.447770833333333,5.046020833333333
audioset_78_1.wav,7.10525,7.3853125
audioset_78_2.wav,7.443583333333334,7.766229166666666
audioset_78_3.wav,7.844666666666667,8.133708333333333
audioset_78_4.wav,8.250229166666667,8.5303125
audioset_7_1.wav,0.5200416666666666,0.9596458333333333
audioset_7_2.wav,1.0695833333333333,1.434125
audioset_7_3.wav,1.9917291666666668,2.3964791666666665
audioset_7_4.wav,2.517145833333333,2.8656041666666665
audioset_7_5.wav,3.074708333333333,3.348125
audioset_7_6.wav,5.058395833333333,5.4819375
audioset_80_1.wav,1.1887916666666667,1.6759166666666667
audioset_80_2.wav,2.0649166666666665,2.3012083333333333
audioset_81_1.wav,7.421979166666667,7.7516875
audioset_81_2.wav,7.867625,8.209729166666667
audioset_82_1.wav,0.8337708333333333,1.2990208333333333
audioset_82_2.wav,2.8561875,3.3384375
audioset_85_1.wav,6.391583333333333,6.605541666666666
audioset_85_2.wav,6.676145833333333,6.923729166666667
audioset_85_3.wav,6.986479166666666,7.220625
audioset_85_4.wav,7.281145833333333,7.524229166666666
audioset_86_1.wav,3.7531666666666665,4.0119375
audioset_86_2.wav,4.5609375,4.942958333333333
audioset_86_3.wav,4.991145833333333,5.311541666666667
audioset_86_4.wav,6.476166666666667,6.789291666666666
audioset_86_5.wav,6.7982708333333335,7.094020833333333
audioset_86_6.wav,8.2345625,8.608729166666667
audioset_86_7.wav,8.5953125,8.924666666666667
audioset_86_8.wav,8.995270833333333,9.243958333333333
audioset_8_1.wav,7.529979166666666,7.799354166666666
audioset_90_1.wav,0.31145833333333334,0.569125
audioset_90_2.wav,2.0950416666666665,2.426645833333333
audioset_90_3.wav,4.698729166666666,4.963125
audioset_91_1.wav,6.152958333333333,6.399395833333333
audioset_91_2.wav,3.238729166666667,3.498625
audioset_91_3.wav,7.828979166666667,8.218854166666667
audioset_92_1.wav,1.0867291666666667,1.5236458333333334
audioset_92_2.wav,1.5214375,1.9695416666666667
audioset_92_3.wav,1.9695625,2.3952916666666666
audioset_92_4.wav,2.4109791666666665,2.794125
audioset_92_5.wav,3.280375,3.6411041666666666
audioset_92_6.wav,7.3808541666666665,7.860333333333333
audioset_92_7.wav,7.862604166666666,8.297270833333334
audioset_92_8.wav,8.3241875,8.734208333333333
audioset_95_1.wav,7.4055,7.7460625
audioset_96_1.wav,1.7118958333333334,2.249645833333333
audioset_96_2.wav,2.307916666666667,2.7201875
audioset_96_3.wav,4.3200625,4.920541666666667
audioset_96_4.wav,4.9474583333333335,5.301458333333334
audioset_96_5.wav,5.364229166666667,5.6689375
audioset_96_6.wav,7.687833333333334,8.102333333333334
audioset_97_1.wav,9.608104166666667,9.89825
audioset_98_1.wav,0.23752083333333332,0.43466666666666665
audioset_98_2.wav,0.9724791666666667,1.1830833333333333
audioset_98_3.wav,1.7432708333333333,1.9762708333333334
audioset_98_4.wav,2.056958333333333,2.370625
audioset_98_5.wav,3.0518541666666668,3.3296666666666668
audioset_98_6.wav,3.3879375,3.7733125
audioset_9_1.wav,0.2291875,0.5749791666666667
audioset_9_10.wav,7.605020833333334,7.913270833333334
audioset_9_11.wav,7.899895833333333,8.1733125
audioset_9_12.wav,8.173354166666666,8.486979166666666
audioset_9_13.wav,8.4976875,8.789854166666666
audioset_9_2.wav,0.5629375,0.9167708333333333
audioset_9_3.wav,1.7652083333333333,2.101625
audioset_9_4.wav,2.0909166666666668,2.4005
audioset_9_5.wav,2.4675416666666665,2.7556875
audioset_9_6.wav,2.88975,3.2623333333333333
audioset_9_7.wav,4.42175,4.787645833333333
audioset_9_8.wav,4.770229166666667,5.0516875
audioset_9_9.wav,7.283354166666666,7.6130625
esc_10_1.wav,0.07172335600907029,0.5784353741496598
esc_10_2.wav,0.7399092970521542,1.255578231292517
esc_10_3.wav,1.600907029478458,2.0179138321995467
esc_10_4.wav,2.058299319727891,2.5067120181405897
esc_11_1.wav,0.3273242630385488,0.6098185941043084
esc_11_2.wav,0.7264399092970522,1.1255102040816327
esc_12_1.wav,0.24662131519274377,0.7757369614512472
esc_12_2.wav,0.7982312925170068,1.22421768707483
esc_12_3.wav,1.2937414965986394,1.7892290249433107
esc_13_1.wav,0.31387755102040815,0.6008616780045352
esc_14_1.wav,0.38562358276643993,0.6815646258503402
esc_14_2.wav,0.7264852607709751,1.0448526077097506
esc_15_1.wav,0.3631972789115646,0.9057823129251701
esc_15_2.wav,0.9954875283446712,1.399047619047619
esc_15_3.wav,1.5157142857142858,1.7802721088435374
esc_16_1.wav,0.031383219954648524,0.26006802721088434
esc_16_2.wav,0.2836281179138322,0.5358503401360544
esc_17_1.wav,0.0,0.5201587301587302
esc_17_2.wav,0.6502267573696145,1.156938775510204
esc_17_3.wav,1.493265306122449,1.8699319727891157
esc_17_4.wav,1.9865532879818595,2.358730158730159
esc_17_5.wav,2.475328798185941,2.843015873015873
esc_18_1.wav,0.16591836734693877,0.5022222222222222
esc_18_2.wav,0.6210657596371882,0.9663492063492064
esc_19_1.wav,0.3766893424036281,0.6703854875283447
esc_19_2.wav,1.6098639455782313,1.9753061224489796
esc_19_3.wav,3.0134467120181405,3.3475056689342404
esc_1_1.wav,0.0,0.3295691609977324
esc_1_2.wav,0.34417233560090704,0.6412244897959184
esc_1_3.wav,0.6603174603174603,0.8441496598639455
esc_21_1.wav,0.11884353741496599,0.44841269841269843
esc_21_2.wav,0.5426077097505669,0.8564852607709751
esc_21_3.wav,0.9697278911564626,1.2600680272108844
esc_23_1.wav,0.08074829931972789,0.412562358276644
esc_23_2.wav,0.45963718820861676,0.7376417233560091
esc_24_1.wav,0.10315192743764172,0.3923809523809524
esc_24_2.wav,0.5515873015873016,0.9573922902494331
esc_26_1.wav,0.17492063492063492,0.3295918367346939
esc_27_1.wav,0.19507936507936507,0.706281179138322
esc_27_2.wav,0.8542630385487529,1.2264399092970522
esc_28_1.wav,0.0,0.3217233560090703
esc_28_2.wav,0.40696145124716554,0.7847392290249433
esc_29_1.wav,0.5022448979591837,0.8385487528344672
esc_29_2.wav,0.9304988662131519,1.3811337868480726
esc_29_3.wav,1.730952380952381,2.2174603174603176
esc_29_4.wav,2.8497732426303855,3.1950340136054423
esc_29_5.wav,3.9372108843537417,4.251088435374149
esc_29_6.wav,4.280272108843538,4.5941496598639455
esc_30_1.wav,2.2675736961451248e-05,0.45292517006802724
esc_30_2.wav,0.6950566893424036,1.0896598639455781
esc_31_1.wav,0.0,0.6815873015873016
esc_31_2.wav,0.6860997732426304,1.049297052154195
esc_31_3.wav,3.2152380952380955,3.7353968253968253
esc_31_4.wav,3.7354195011337867,4.15469387755102
esc_32_1.wav,0.06725623582766439,0.6188208616780045
esc_32_2.wav,0.7197278911564626,0.9147845804988662
esc_33_1.wav,0.0,0.3273242630385488
esc_33_2.wav,0.4573922902494331,0.8519954648526077
esc_33_3.wav,1.2466439909297051,1.74437641723356
esc_33_4.wav,3.2511111111111113,3.645714285714286
esc_33_5.wav,3.847528344671202,4.2398866213151924
esc_34_1.wav,0.2511337868480726,0.5605442176870749
esc_34_2.wav,0.71859410430839,0.9865079365079366
esc_34_3.wav,1.0650340136054421,1.2993197278911566
esc_34_4.wav,3.4148299319727893,3.792607709750567
esc_34_5.wav,3.9159183673469387,4.229795918367347
esc_34_6.wav,4.308299319727891,4.62328798185941
esc_35_1.wav,0.04034013605442177,0.29591836734693877
esc_35_2.wav,0.4820861678004535,0.8329705215419501
esc_36_1.wav,1.520204081632653,1.912562358276644
esc_36_2.wav,1.943968253968254,2.2870068027210886
esc_36_3.wav,2.549342403628118,2.881156462585034
esc_37_1.wav,1.3139002267573696,1.7241950113378686
esc_37_2.wav,1.742154195011338,2.1098412698412696
esc_37_3.wav,2.959637188208617,3.473061224489796
esc_37_4.wav,3.553809523809524,3.9999773242630385
esc_37_5.wav,4.199546485260771,4.6210430839002266
esc_38_1.wav,0.09192743764172336,0.5134240362811792
esc_39_1.wav,0.4013378684807256,0.6457142857142857
esc_39_2.wav,1.764580498866213,2.273514739229025
esc_39_3.wav,2.363219954648526,2.7174603174603176
esc_39_4.wav,2.9237641723356007,3.150204081632653
esc_3_1.wav,0.1704081632653061,0.4887755102040816
esc_40_1.wav,0.03585034013605442,0.47081632653061223
esc_40_2.wav,0.5022448979591837,0.674875283446712
esc_4_1.wav,0.43498866213151927,0.7085034013605442
esc_4_2.wav,0.8318367346938775,1.1277777777777778
esc_5_1.wav,1.9301814058956916,2.520249433106576
esc_5_2.wav,2.594829931972789,2.8023356009070293
esc_6_1.wav,0.23766439909297052,0.6412244897959184
esc_6_2.wav,0.9013378684807256,1.2241950113378686
esc_6_3.wav,2.1031292517006803,2.4259863945578233
esc_6_4.wav,2.887891156462585,3.186077097505669
esc_7_1.wav,0.10764172335600906,0.47086167800453516
esc_7_2.wav,0.6502040816326531,1.0627437641723356
esc_7_3.wav,1.96859410430839,2.229206349206349
esc_8_1.wav,0.21412698412698414,0.4360770975056689
esc_8_2.wav,0.45852607709750565,0.7668027210884354
esc_8_3.wav,0.8273469387755102,1.1075963718820863
esc_8_4.wav,1.1423809523809523,1.3710430839002268
esc_8_5.wav,1.4876643990929705,1.7141043083900227
esc_8_6.wav,2.5952834467120183,2.989886621315193
esc_8_7.wav,3.008979591836735,3.3766666666666665
esc_9_1.wav,0.22873015873015873,0.5112018140589569
esc_9_2.wav,1.2242403628117915,1.5784807256235827
esc_9_3.wav,1.8251020408163265,2.091904761904762
esc_9_4.wav,2.1345351473922904,2.43718820861678
esc_9_5.wav,0.25537414965986394,0.6387528344671202
esc_9_6.wav,3.4798185941043083,3.7936961451247164
fsd_102_1.wav,0.8729478458049886,1.3060544217687076
fsd_102_2.wav,2.505532879818594,3.011950113378685
fsd_102_3.wav,3.0319727891156463,3.3684580498866215
fsd_104_1.wav,0.0528344671201814,0.46346938775510205
fsd_106_1.wav,0.09943310657596371,0.5938775510204082
fsd_106_2.wav,0.6339455782312925,0.9543537414965987
fsd_106_3.wav,1.1394557823129252,1.3866666666666667
fsd_107_1.wav,0.2110204081632653,0.5895691609977324
fsd_107_2.wav,2.4483673469387757,2.7090249433106575
fsd_107_3.wav,2.873514739229025,3.1248299319727892
fsd_107_4.wav,3.5243990929705213,3.797437641723356
fsd_107_5.wav,5.308684807256236,5.640702947845805
fsd_107_6.wav,6.014648526077098,6.3435600907029475
fsd_108_1.wav,0.37231292517006803,1.1189342403628117
fsd_108_2.wav,1.2045804988662132,1.497233560090703
fsd_108_3.wav,1.6545578231292517,1.9611337868480725
fsd_109_1.wav,0.01183673469387755,0.8136054421768707
fsd_109_2.wav,0.8566893424036282,1.1999773242630385
fsd_112_1.wav,1.0419954648526077,1.425986394557823
fsd_112_2.wav,1.4260090702947845,1.773968253968254
fsd_112_3.wav,1.8099773242630386,2.169954648526077
fsd_112_4.wav,2.8019954648526078,3.2299773242630385
fsd_113_1.wav,0.01018140589569161,0.5164172335600907
fsd_114_1.wav,3.3079365079365077,3.6879591836734695
fsd_114_2.wav,3.8337868480725623,4.13968253968254
fsd_116_1.wav,10.042154195011339,10.643310657596372
fsd_117_1.wav,0.02219954648526077,0.4907936507936508
fsd_117_2.wav,1.011201814058957,1.3688208616780044
fsd_117_3.wav,3.2926303854875285,3.7340816326530613
fsd_117_4.wav,3.8746485260770975,4.291428571428572
fsd_117_5.wav,8.269727891156462,8.723514739229024
fsd_118_1.wav,1.4600226757369614,1.8387301587301588
fsd_118_2.wav,3.2384126984126986,3.602018140589569
fsd_118_3.wav,5.367687074829932,5.658571428571428
fsd_119_1.wav,0.03841269841269841,0.2418140589569161
fsd_119_2.wav,0.46331065759637186,0.6734920634920635
fsd_119_3.wav,1.6430839002267574,2.006938775510204
fsd_120_1.wav,0.015600907029478459,0.4712698412698413
fsd_121_1.wav,0.013582766439909298,0.321859410430839
fsd_121_2.wav,0.43578231292517006,0.7868934240362812
fsd_122_1.wav,4.096394557823129,4.453560090702948
fsd_122_2.wav,4.475827664399093,4.7588888888888885
fsd_122_3.wav,4.873015873015873,5.197573696145125
fsd_123_1.wav,0.1442403628117914,0.4584807256235828
fsd_123_2.wav,0.5122902494331065,0.8383673469387755
fsd_124_1.wav,0.20829931972789115,0.6362358276643991
fsd_124_2.wav,0.6603401360544218,1.0131519274376417
fsd_124_3.wav,1.1789795918367347,1.4821995464852609
fsd_125_1.wav,0.3531065759637188,0.6925170068027211
fsd_125_2.wav,0.7634013605442177,1.0482993197278911
fsd_126_1.wav,1.1507709750566892,1.4253514739229025
fsd_126_2.wav,2.844557823129252,3.1653968253968254
fsd_127_1.wav,0.022607709750566893,0.28551020408163263
fsd_127_2.wav,0.36913832199546487,0.6998412698412698
fsd_128_1.wav,0.03600907029478458,0.4502040816326531
fsd_128_10.wav,6.7871201814058955,7.133786848072562
fsd_128_11.wav,8.50920634920635,8.876122448979592
fsd_128_12.wav,9.009002267573695,9.335396825396826
fsd_128_13.wav,10.193083900226757,10.436167800453514
fsd_128_14.wav,10.526235827664399,10.852630385487528
fsd_128_15.wav,11.692312925170068,12.068231292517007
fsd_128_2.wav,0.47723356009070295,0.7698639455782313
fsd_128_3.wav,0.80140589569161,1.0850113378684807
fsd_128_4.wav,1.7513832199546486,2.0980272108843536
fsd_128_5.wav,2.307392290249433,2.6000226757369616
fsd_128_6.wav,3.556780045351474,3.9304308390022675
fsd_128_7.wav,4.983990929705215,5.274353741496599
fsd_128_8.wav,5.481473922902494,5.729070294784581
fsd_128_9.wav,5.9159410430839,6.1905668934240365
fsd_12_1.wav,0.0,0.43333333333333335
fsd_132_1.wav,0.04619047619047619,0.24344671201814058
fsd_132_2.wav,0.2741950113378685,0.43786848072562357
fsd_132_3.wav,0.4743083900226757,0.7219274376417234
fsd_132_4.wav,0.7191156462585034,0.9527437641723356
fsd_132_5.wav,0.9584126984126984,1.1920408163265306
fsd_133_1.wav,0.6761678004535148,1.025124716553288
fsd_133_2.wav,1.0333333333333334,1.5022448979591836
fsd_134_1.wav,1.266780045351474,1.6133560090702947
fsd_134_2.wav,1.7115419501133786,2.036643990929705
fsd_136_1.wav,0.17653061224489797,0.3986394557823129
fsd_137_1.wav,0.251859410430839,0.7529251700680272
fsd_137_2.wav,1.319047619047619,1.8634467120181406
fsd_137_3.wav,1.8959637188208618,2.296802721088435
fsd_138_1.wav,0.8887981859410431,1.3135600907029479
fsd_138_2.wav,1.3956689342403628,1.6812244897959183
fsd_138_3.wav,2.673560090702948,3.166122448979592
fsd_138_4.wav,3.3589115646258505,3.719410430839002
fsd_139_1.wav,0.2912698412698413,0.6944897959183673
fsd_140_1.wav,0.2147392290249433,0.42020408163265305
fsd_140_2.wav,0.6891383219954649,0.9252834467120181
fsd_141_1.wav,1.1178458049886622,1.6796825396825397
fsd_142_1.wav,1.943174603174603,2.2397732426303856
fsd_142_2.wav,2.3538548752834467,2.5801133786848074
fsd_144_1.wav,0.7745351473922902,1.2624036281179138
fsd_144_2.wav,1.299002267573696,1.6801587301587302
fsd_144_3.wav,1.7259183673469387,2.046077097505669
fsd_144_4.wav,2.515691609977324,3.0096598639455783
fsd_144_5.wav,3.650045351473923,3.991541950113379
fsd_144_6.wav,4.717301587301587,5.040521541950113
fsd_144_7.wav,5.022244897959184,5.354603174603175
fsd_145_1.wav,0.21784580498866213,0.6369160997732426
fsd_145_2.wav,0.7789569160997732,1.124625850340136
fsd_145_3.wav,1.3377324263038548,1.7023356009070294
fsd_145_4.wav,1.9794104308390024,2.3132426303854876
fsd_147_1.wav,0.010068027210884354,0.3219954648526077
fsd_147_2.wav,0.5982766439909297,0.8598866213151928
fsd_148_1.wav,0.4840816326530612,0.7492063492063492
fsd_14_1.wav,1.1493197278911564,1.551859410430839
fsd_14_2.wav,1.6882539682539683,2.0063945578231293
fsd_14_3.wav,2.9024943310657596,3.292063492063492
fsd_14_4.wav,4.337505668934241,4.675124716553288
fsd_14_5.wav,6.3212018140589565,6.658820861678005
fsd_150_1.wav,0.655827664399093,0.980453514739229
fsd_150_2.wav,1.0121315192743765,1.3173015873015872
fsd_151_1.wav,0.04707482993197279,0.2919047619047619
fsd_151_2.wav,0.2931065759637188,0.5308616780045351
fsd_153_1.wav,0.4004761904761905,0.6991609977324263
fsd_153_2.wav,0.833764172335601,1.1439229024943312
fsd_153_3.wav,3.0166213151927437,3.2644444444444445
fsd_156_1.wav,0.01925170068027211,0.3941950113378685
fsd_157_1.wav,0.018820861678004536,0.2288888888888889
fsd_157_2.wav,0.30918367346938774,0.4964625850340136
fsd_157_3.wav,0.6203628117913832,0.8086167800453514
fsd_158_1.wav,0.03875283446712018,0.28653061224489795
fsd_158_2.wav,0.4536281179138322,0.6965759637188209
fsd_159_1.wav,0.6274149659863946,1.0071655328798186
fsd_159_2.wav,1.3055555555555556,1.4930612244897958
fsd_159_3.wav,2.7208163265306125,3.206689342403628
fsd_159_4.wav,3.212607709750567,3.4791156462585033
fsd_161_1.wav,2.763219954648526,3.0663492063492064
fsd_161_10.wav,9.700453514739229,10.050204081632653
fsd_161_11.wav,10.193038548752835,10.42328798185941
fsd_161_12.wav,11.554285714285715,11.793265306122448
fsd_161_2.wav,3.124671201814059,3.39281179138322
fsd_161_3.wav,3.6085260770975056,3.9058049886621315
fsd_161_4.wav,5.150453514739229,5.631360544217687
fsd_161_5.wav,5.701337868480725,5.972403628117914
fsd_161_6.wav,6.0948526077097505,6.336757369614513
fsd_161_7.wav,6.599092970521542,6.855578231292517
fsd_161_8.wav,7.190816326530612,7.423968253968254
fsd_161_9.wav,9.059160997732427,9.589637188208616
fsd_162_1.wav,0.29852607709750567,0.6122222222222222
fsd_162_2.wav,0.650249433106576,0.844172335600907
fsd_162_3.wav,1.3822675736961452,1.65984126984127
fsd_162_4.wav,2.7702721088435376,3.1087074829931973
fsd_162_5.wav,3.1448299319727893,3.3577551020408163
fsd_167_1.wav,0.029705215419501135,0.30863945578231294
fsd_167_2.wav,0.4055328798185941,0.6560544217687074
fsd_167_3.wav,0.7736281179138322,1.0305895691609976
fsd_168_1.wav,4.793537414965987,5.2457369614512475
fsd_168_2.wav,19.92111111111111,20.299614512471656
fsd_168_3.wav,21.41176870748299,21.755102040816325
fsd_168_4.wav,25.53045351473923,25.723061224489797
fsd_168_5.wav,23.58578231292517,23.855396825396827
fsd_168_6.wav,23.927437641723355,24.176984126984127
fsd_168_7.wav,25.5353514739229,25.77984126984127
fsd_169_1.wav,0.6609977324263039,0.9753741496598639
fsd_169_2.wav,1.1394784580498867,1.4293197278911565
fsd_169_3.wav,3.124013605442177,3.5764172335600906
fsd_169_4.wav,3.5733560090702947,3.8570521541950114
fsd_169_6.wav,8.953356009070294,9.456349206349206
fsd_169_7.wav,9.698684807256235,10.00233560090703
fsd_169_8.wav,12.279795918367347,12.788934240362812
fsd_169_9.wav,12.910113378684807,13.091065759637187
fsd_16_1.wav,0.0,0.41956916099773245
fsd_171_1.wav,1.665986394557823,2.0891836734693876
fsd_171_2.wav,2.1507709750566892,2.4681632653061225
fsd_171_3.wav,3.641700680272109,4.139931972789116
fsd_171_4.wav,6.46,6.681224489795919
fsd_171_5.wav,8.256802721088436,8.454943310657596
fsd_173_1.wav,0.0,0.242562358276644
fsd_174_1.wav,0.013129251700680272,0.4409297052154195
fsd_174_2.wav,0.7473242630385487,1.120408163265306
fsd_175_1.wav,0.01147392290249433,0.23530612244897958
fsd_175_2.wav,0.2686167800453515,0.4987755102040816
fsd_178_1.wav,0.0,0.46782312925170066
fsd_178_2.wav,0.7085487528344672,0.9921541950113378
fsd_179_1.wav,0.07655328798185941,0.422312925170068
fsd_179_2.wav,0.8077324263038549,1.1482312925170068
fsd_179_3.wav,1.4306802721088436,1.8107709750566894
fsd_179_4.wav,3.587278911564626,3.9937414965986395
fsd_179_5.wav,4.624648526077097,4.946666666666666
fsd_179_6.wav,5.123537414965987,5.419160997732426
fsd_17_1.wav,0.14206349206349206,0.5125850340136054
fsd_181_1.wav,2.43562358276644,2.9509523809523808
fsd_181_2.wav,3.0133560090702947,3.364557823129252
fsd_184_1.wav,0.03566893424036281,0.39242630385487526
fsd_184_2.wav,0.4439909297052154,0.8562358276643991
fsd_184_3.wav,1.2328344671201814,1.5103174603174603
fsd_184_4.wav,1.6213378684807256,1.8750113378684807
fsd_184_5.wav,1.9503401360544217,2.223854875283447
fsd_184_6.wav,2.8502040816326533,3.111814058956916
fsd_184_7.wav,3.127687074829932,3.4329024943310658
fsd_184_8.wav,3.4646485260770974,3.773832199546485
fsd_184_9.wav,3.829342403628118,4.245555555555556
fsd_185_1.wav,0.05820861678004535,0.4143310657596372
fsd_185_2.wav,0.6017913832199546,0.9687755102040816
fsd_186_1.wav,0.011111111111111112,0.24131519274376417
fsd_186_2.wav,0.32807256235827664,0.5371201814058957
fsd_186_3.wav,0.7095238095238096,0.9219047619047619
fsd_187_1.wav,12.652517006802722,12.877981859410431
fsd_187_2.wav,13.069954648526076,13.285260770975057
fsd_187_3.wav,14.546780045351474,14.890068027210884
fsd_190_1.wav,1.2484353741496599,1.5626757369614512
fsd_190_2.wav,1.5928344671201815,1.8510884353741497
fsd_193_1.wav,2.2675736961451248e-05,0.4520181405895692
fsd_193_2.wav,0.5596598639455782,0.9488888888888889
fsd_193_3.wav,1.1229024943310657,1.4349886621315193
fsd_193_4.wav,1.6215192743764173,1.9515419501133786
fsd_194_1.wav,19.299138321995464,19.49530612244898
fsd_194_2.wav,19.58519274376417,19.939591836734692
fsd_195_1.wav,0.6678458049886621,1.003015873015873
fsd_195_2.wav,1.129047619047619,1.4944444444444445
fsd_195_3.wav,1.915328798185941,2.3916326530612246
fsd_195_4.wav,3.923922902494331,4.299410430839003
fsd_195_5.wav,4.511133786848073,4.9446031746031744
fsd_196_1.wav,1.900907029478458,2.2369160997732425
fsd_196_2.wav,2.3521995464852608,2.624875283446712
fsd_197_1.wav,0.15594104308390022,0.4997732426303855
fsd_197_2.wav,0.5153061224489796,0.8484807256235828
fsd_19_1.wav,0.0,0.41340136054421767
fsd_1_1.wav,0.48027210884353744,1.1260090702947845
fsd_200_1.wav,0.038684807256235826,0.2917913832199546
fsd_200_2.wav,0.4886621315192744,0.8191156462585034
fsd_200_3.wav,1.0318820861678004,1.4115419501133786
fsd_201_1.wav,0.019365079365079366,0.39129251700680273
fsd_201_2.wav,0.46494331065759636,0.7981179138321995
fsd_203_1.wav,0.03052154195011338,0.3819954648526077
fsd_203_2.wav,0.42244897959183675,0.7467120181405895
fsd_204_1.wav,3.823310657596372,4.2004308390022675
fsd_204_2.wav,4.258979591836734,4.688095238095238
fsd_204_3.wav,5.48140589569161,5.878027210884354
fsd_204_4.wav,5.865011337868481,6.339659863945578
fsd_206_1.wav,3.6529251700680274,3.9715873015873018
fsd_206_2.wav,4.012925170068027,4.384671201814059
fsd_206_3.wav,5.6564399092970525,6.084263038548753
fsd_207_1.wav,0.42174603174603176,0.7368027210884354
fsd_207_10.wav,7.091950113378685,7.693015873015873
fsd_207_11.wav,10.007732426303855,10.320385487528345
fsd_207_12.wav,10.334943310657597,10.652426303854876
fsd_207_13.wav,11.333537414965987,11.541950113378684
fsd_207_14.wav,14.491700680272109,14.765555555555556
fsd_207_15.wav,14.772834467120182,15.126689342403628
fsd_207_2.wav,0.751360544217687,1.3233560090702947
fsd_207_3.wav,1.4785034013605443,1.8081179138321994
fsd_207_4.wav,1.8226757369614512,2.137732426303855
fsd_207_5.wav,2.20562358276644,2.8794104308390023
fsd_207_6.wav,3.112108843537415,3.4950566893424035
fsd_207_7.wav,3.5096145124716553,4.04281179138322
fsd_207_8.wav,6.490861678004535,6.7332199546485265
fsd_207_9.wav,6.757460317460318,7.043446712018141
fsd_209_1.wav,1.1704761904761904,1.5323809523809524
fsd_209_2.wav,1.6996145124716553,1.9747619047619047
fsd_20_1.wav,0.11235827664399092,0.6741269841269841
fsd_20_2.wav,0.7324036281179138,1.0736281179138323
fsd_211_1.wav,0.5246258503401361,1.063424036281179
fsd_211_2.wav,1.206077097505669,1.60140589569161
fsd_211_3.wav,1.7765986394557822,2.0551473922902495
fsd_211_4.wav,2.0635147392290247,2.41546485260771
fsd_211_5.wav,2.5389342403628117,2.88421768707483
fsd_211_6.wav,3.016031746031746,3.357981859410431
fsd_212_1.wav,1.2135827664399093,1.5588662131519275
fsd_212_2.wav,1.6890022675736962,2.0618140589569163
fsd_212_3.wav,2.304557823129252,2.5697732426303856
fsd_212_4.wav,3.1353061224489798,3.5231292517006803
fsd_212_5.wav,4.2312925170068025,4.721700680272109
fsd_213_1.wav,0.11029478458049886,0.5617233560090703
fsd_213_2.wav,1.2440362811791383,1.6441496598639456
fsd_213_3.wav,1.6493197278911564,2.0391609977324263
fsd_213_4.wav,2.167437641723356,2.5496145124716554
fsd_214_1.wav,2.2058503401360543,2.6656009070294786
fsd_214_2.wav,2.678548752834467,2.941995464852608
fsd_214_3.wav,3.0504761904761906,3.375895691609977
fsd_215_1.wav,0.006167800453514739,0.30541950113378685
fsd_215_2.wav,0.3517233560090703,0.604671201814059
fsd_215_3.wav,0.6640816326530612,0.8414739229024943
fsd_216_1.wav,0.0500907029478458,0.3278231292517007
fsd_216_2.wav,0.33927437641723357,0.5563265306122449
fsd_217_1.wav,0.5892743764172336,1.0908390022675738
fsd_217_10.wav,6.76437641723356,7.027324263038548
fsd_217_11.wav,7.830884353741497,8.332471655328797
fsd_217_12.wav,9.019160997732426,9.408730158730158
fsd_217_13.wav,9.433106575963718,9.749637188208617
fsd_217_14.wav,9.910362811791384,10.119750566893424
fsd_217_2.wav,1.090861678004535,1.5291383219954648
fsd_217_3.wav,1.5875963718820862,1.97718820861678
fsd_217_4.wav,2.157392290249433,2.5469614512471654
fsd_217_5.wav,4.105374149659864,4.548526077097506
fsd_217_6.wav,4.572857142857143,4.894263038548753
fsd_217_7.wav,5.011179138321996,5.210839002267574
fsd_217_8.wav,5.804988662131519,6.233514739229025
fsd_217_9.wav,6.291972789115646,6.671814058956916
fsd_218_1.wav,9.76154195011338,10.037528344671202
fsd_218_2.wav,10.064943310657597,10.378117913832199
fsd_218_3.wav,10.497528344671203,10.847891156462586
fsd_218_4.wav,13.071519274376417,13.443401360544218
fsd_21_1.wav,0.2752607709750567,0.7829251700680272
fsd_21_2.wav,0.9297052154195011,1.229387755102041
fsd_21_3.wav,2.4771882086167802,2.8502947845804987
fsd_21_4.wav,2.9848979591836735,3.241768707482993
fsd_21_5.wav,3.5109297052154194,3.7372108843537415
fsd_220_1.wav,0.9367573696145125,1.1915873015873015
fsd_220_2.wav,2.167392290249433,2.4428798185941045
fsd_220_3.wav,4.27968253968254,4.619455782312925
fsd_221_1.wav,1.253265306122449,1.5422902494331066
fsd_221_10.wav,6.8802721088435375,7.11233560090703
fsd_221_11.wav,7.298027210884354,7.559614512471655
fsd_221_12.wav,8.184172335600907,8.48795918367347
fsd_221_13.wav,8.618798185941044,8.884625850340136
fsd_221_14.wav,9.093514739229025,9.319251700680272
fsd_221_15.wav,10.144240362811791,10.382630385487529
fsd_221_16.wav,10.498684807256236,10.737074829931974
fsd_221_17.wav,10.848934240362812,11.087324263038548
fsd_221_18.wav,11.943945578231293,12.176009070294784
fsd_221_19.wav,12.230884353741496,12.52625850340136
fsd_221_2.wav,1.5824263038548754,1.8376870748299319
fsd_221_20.wav,12.77734693877551,13.007301587301587
fsd_221_21.wav,13.963083900226758,14.210975056689342
fsd_221_22.wav,14.257414965986394,14.574920634920636
fsd_221_23.wav,14.793287981859411,15.033809523809524
fsd_221_24.wav,15.92,16.161541950113378
fsd_221_25.wav,16.29344671201814,16.600408163265307
fsd_221_26.wav,17.332539682539682,17.607868480725624
fsd_221_3.wav,2.782902494331066,3.0740589569160996
fsd_221_4.wav,3.078299319727891,3.3673242630385487
fsd_221_5.wav,3.5340136054421767,3.7766439909297054
fsd_221_6.wav,4.36952380952381,4.626916099773243
fsd_221_7.wav,4.73031746031746,5.013015873015873
fsd_221_8.wav,5.219795918367347,5.426553287981859
fsd_221_9.wav,6.544807256235828,6.749433106575964
fsd_222_1.wav,0.08512471655328799,0.3321995464852608
fsd_222_2.wav,0.48365079365079366,0.6523809523809524
fsd_223_1.wav,0.1260997732426304,0.3789342403628118
fsd_223_2.wav,0.45462585034013603,0.690204081632653
fsd_223_3.wav,0.8083673469387755,1.039297052154195
fsd_223_4.wav,1.1800226757369614,1.3631746031746033
fsd_224_1.wav,0.48099773242630384,0.845578231292517
fsd_224_2.wav,0.9736054421768707,1.2431746031746032
fsd_224_3.wav,6.21501133786848,6.532086167800453
fsd_224_4.wav,8.386235827664398,8.853628117913832
fsd_224_5.wav,10.736870748299319,11.186802721088435
fsd_224_6.wav,11.286689342403628,11.637709750566893
fsd_224_7.wav,11.655192743764172,11.971315192743765
fsd_225_1.wav,2.5681179138321997,2.9943537414965986
fsd_225_2.wav,3.0082993197278913,3.2866666666666666
fsd_225_3.wav,3.3614965986394556,3.6259410430839
fsd_225_4.wav,3.765170068027211,4.036575963718821
fsd_226_1.wav,1.7390249433106575,2.0430385487528344
fsd_226_2.wav,2.07265306122449,2.321950113378685
fsd_226_3.wav,2.418843537414966,2.68249433106576
fsd_228_1.wav,0.22471655328798185,0.7747845804988662
fsd_228_2.wav,0.8520634920634921,1.0861224489795918
fsd_228_3.wav,1.2195691609977324,1.4465986394557824
fsd_228_4.wav,2.2986621315192743,2.7551020408163267
fsd_228_5.wav,4.300068027210885,4.712018140589569
fsd_228_6.wav,4.854829931972789,5.081859410430839
fsd_229_1.wav,2.0239909297052154,2.3053514739229026
fsd_229_2.wav,2.328049886621315,2.625283446712018
fsd_229_3.wav,2.645714285714286,2.952018140589569
fsd_229_4.wav,3.0768480725623584,3.358185941043084
fsd_22_1.wav,1.1045124716553287,1.7640362811791384
fsd_22_2.wav,2.153424036281179,2.606326530612245
fsd_22_3.wav,4.793514739229025,5.0318820861678
fsd_231_1.wav,1.0610430839002267,1.3843990929705214
fsd_231_2.wav,1.4191836734693877,1.6944444444444444
fsd_231_3.wav,2.464172335600907,2.774172335600907
fsd_231_4.wav,3.0013832199546484,3.2873242630385486
fsd_231_5.wav,4.073106575963719,4.375102040816326
fsd_232_1.wav,0.8214739229024943,1.1246031746031746
fsd_232_2.wav,1.1913378684807256,1.5035374149659864
fsd_232_3.wav,1.5975283446712019,1.9006349206349207
fsd_232_4.wav,2.01891156462585,2.3220181405895692
fsd_232_5.wav,2.4857596371882087,2.7191609977324265
fsd_233_1.wav,2.3248526077097504,2.667392290249433
fsd_233_2.wav,2.724172335600907,2.993718820861678
fsd_233_3.wav,3.06265306122449,3.3423356009070293
fsd_234_1.wav,0.05512471655328798,0.4030839002267574
fsd_234_2.wav,0.4508843537414966,0.7522675736961452
fsd_234_3.wav,0.830702947845805,1.1455555555555557
fsd_234_4.wav,1.2252154195011338,1.5388662131519275
fsd_234_5.wav,1.6491609977324264,1.9652380952380952
fsd_234_6.wav,2.125759637188209,2.3695691609977323
fsd_235_1.wav,1.0213378684807257,1.2989115646258504
fsd_235_2.wav,1.3565532879818594,1.6655555555555555
fsd_235_3.wav,2.461700680272109,2.838798185941043
fsd_235_4.wav,2.8649886621315193,3.242063492063492
fsd_235_5.wav,3.378299319727891,3.6977777777777776
fsd_235_6.wav,3.7239909297052156,4.017278911564626
fsd_236_1.wav,0.010975056689342403,0.3512698412698413
fsd_236_2.wav,0.6193197278911564,0.9028798185941043
fsd_237_1.wav,0.0536734693877551,0.3701360544217687
fsd_237_2.wav,0.41829931972789114,0.7055555555555556
fsd_238_1.wav,0.05090702947845805,0.4723356009070295
fsd_238_2.wav,0.5398412698412698,0.980204081632653
fsd_239_1.wav,1.4226984126984128,1.8421315192743764
fsd_240_1.wav,0.010249433106575964,0.24267573696145125
fsd_240_2.wav,0.295578231292517,0.4273469387755102
fsd_242_1.wav,0.008684807256235827,0.3401360544217687
fsd_242_2.wav,0.5114285714285715,0.8057823129251701
fsd_245_1.wav,1.1112698412698412,1.4368027210884353
fsd_245_2.wav,1.554013605442177,1.9186167800453515
fsd_246_1.wav,0.056666666666666664,0.27312925170068025
fsd_246_2.wav,0.3254421768707483,0.5956689342403628
fsd_247_1.wav,0.20337868480725624,0.6876643990929705
fsd_247_2.wav,0.8475283446712019,1.179251700680272
fsd_247_3.wav,1.1889795918367347,1.50859410430839
fsd_247_4.wav,1.6006349206349206,1.9057142857142857
fsd_247_5.wav,2.5595464852607708,2.874331065759637
fsd_247_6.wav,2.944580498866213,3.2666213151927437
fsd_247_7.wav,4.380544217687075,4.7824943310657595
fsd_248_1.wav,1.5903628117913833,1.9240362811791383
fsd_248_2.wav,1.9452154195011337,2.2561224489795917
fsd_248_3.wav,2.2773015873015874,2.609342403628118
fsd_248_4.wav,4.479705215419501,4.816643990929705
fsd_248_5.wav,4.845963718820862,5.178027210884354
fsd_248_6.wav,5.20734693877551,5.560544217687075
fsd_249_1.wav,2.0617687074829933,2.5409297052154196
fsd_249_2.wav,2.582721088435374,3.140544217687075
fsd_24_1.wav,0.01018140589569161,0.4440816326530612
fsd_251_1.wav,0.16990929705215418,0.5567573696145125
fsd_251_2.wav,0.6692743764172335,1.0021768707482994
fsd_254_1.wav,1.8770521541950114,2.434013605442177
fsd_254_2.wav,2.521746031746032,3.091859410430839
fsd_255_1.wav,0.4493197278911565,0.7963945578231293
fsd_255_2.wav,0.8017913832199547,1.1273242630385487
fsd_256_1.wav,0.017732426303854874,0.28147392290249434
fsd_256_2.wav,0.3080952380952381,0.6829478458049887
fsd_25_1.wav,0.7594331065759637,1.0522902494331066
fsd_25_2.wav,1.0626984126984127,1.3114965986394558
fsd_25_3.wav,3.166031746031746,3.4614965986394557
fsd_25_4.wav,3.4485714285714284,3.8010430839002267
fsd_26_1.wav,6.552698412698413,6.880702947845805
fsd_26_2.wav,7.03922902494331,7.241678004535148
fsd_26_3.wav,10.121746031746031,10.47015873015873
fsd_28_1.wav,0.6483673469387755,0.9230839002267573
fsd_28_2.wav,1.1065759637188208,1.417437641723356
fsd_2_1.wav,0.8289795918367346,1.0420861678004536
fsd_2_2.wav,1.0655555555555556,1.3509977324263038
fsd_30_1.wav,0.950204081632653,1.3657142857142857
fsd_30_2.wav,1.473265306122449,1.7725396825396826
fsd_30_3.wav,2.8448072562358275,3.3213378684807258
fsd_30_4.wav,3.4346938775510205,3.7775510204081635
fsd_30_5.wav,3.9984126984126984,4.201814058956916
fsd_31_1.wav,1.1577551020408163,1.5614739229024943
fsd_32_1.wav,0.12913832199546485,0.5165759637188209
fsd_32_2.wav,0.5952834467120182,0.9282312925170068
fsd_32_3.wav,0.9766893424036281,1.3237414965986394
fsd_32_4.wav,1.481156462585034,1.6990702947845806
fsd_32_5.wav,3.353809523809524,3.7472789115646257
fsd_32_6.wav,3.8926077097505667,4.265895691609978
fsd_33_1.wav,0.5872335600907029,1.057392290249433
fsd_33_2.wav,1.117936507936508,1.4407936507936507
fsd_33_3.wav,2.1975056689342405,2.7039909297052156
fsd_33_4.wav,2.823083900226757,3.2085034013605442
fsd_33_5.wav,3.428480725623583,3.8179138321995465
fsd_33_6.wav,6.70358276643991,7.224195011337868
fsd_33_7.wav,7.359410430839002,7.738775510204082
fsd_35_1.wav,0.3213378684807256,0.6790022675736962
fsd_35_10.wav,12.525714285714285,12.819727891156463
fsd_35_2.wav,4.7956689342403624,5.077551020408163
fsd_35_3.wav,6.129478458049887,6.441678004535148
fsd_35_4.wav,7.402653061224489,7.7300226757369614
fsd_35_5.wav,8.587936507936508,8.824353741496598
fsd_35_6.wav,9.79748299319728,10.133945578231293
fsd_35_7.wav,10.176371882086167,10.506780045351475
fsd_35_8.wav,10.931201814058957,11.246439909297052
fsd_35_9.wav,11.255555555555556,11.498049886621315
fsd_36_1.wav,0.03,0.5207256235827664
fsd_37_1.wav,0.2384580498866213,0.6727437641723356
fsd_37_2.wav,0.7068027210884353,0.9849659863945578
fsd_37_3.wav,1.036077097505669,1.3709977324263039
fsd_37_4.wav,3.3977551020408163,3.8490702947845805
fsd_39_1.wav,1.5809977324263038,2.0552607709750568
fsd_39_2.wav,2.502222222222222,2.7727891156462583
fsd_42_1.wav,0.1672562358276644,0.4937641723356009
fsd_42_2.wav,0.6238548752834467,0.953015873015873
fsd_43_1.wav,0.020090702947845804,0.40750566893424034
fsd_43_2.wav,0.5079818594104308,0.6988208616780045
fsd_44_1.wav,0.3805215419501134,0.6204081632653061
fsd_44_2.wav,0.716031746031746,0.9297052154195011
fsd_44_3.wav,2.2593650793650792,2.4468027210884356
fsd_44_4.wav,2.2511791383219957,2.5716780045351473
fsd_44_5.wav,2.691700680272109,2.9081632653061225
fsd_44_6.wav,3.035646258503401,3.2436961451247166
fsd_44_7.wav,2.265328798185941,2.3875963718820863
fsd_45_1.wav,0.9134467120181405,1.2034693877551021
fsd_48_1.wav,1.0939455782312926,1.497233560090703
fsd_49_1.wav,0.5371428571428571,1.3780272108843536
fsd_49_2.wav,1.3716553287981859,1.7808843537414967
fsd_49_3.wav,3.86875283446712,4.418662131519274
fsd_49_4.wav,4.4202721088435375,4.890272108843537
fsd_49_5.wav,7.169977324263039,8.049206349206349
fsd_49_6.wav,8.052426303854876,8.452063492063493
fsd_49_7.wav,10.611859410430839,11.056281179138322
fsd_49_8.wav,11.056303854875283,11.31845804988662
fsd_4_1.wav,1.9350566893424037,2.3738548752834467
fsd_4_2.wav,2.6329931972789113,2.992403628117914
fsd_4_3.wav,3.4563492063492065,3.8658956916099774
fsd_50_1.wav,2.248004535147392,2.5050340136054423
fsd_50_10.wav,12.627369614512471,12.864240362811792
fsd_50_11.wav,13.790430839002267,14.032335600907029
fsd_50_12.wav,14.271768707482993,14.52
fsd_50_13.wav,15.559591836734693,15.773786848072563
fsd_50_14.wav,16.88394557823129,17.06410430839002
fsd_50_15.wav,17.274580498866214,17.480566893424037
fsd_50_16.wav,18.622857142857143,18.920226757369615
fsd_50_2.wav,4.62453514739229,4.9294557823129255
fsd_50_3.wav,5.85437641723356,6.144172335600907
fsd_50_4.wav,7.089274376417234,7.341269841269841
fsd_50_5.wav,8.37077097505669,8.592539682539682
fsd_50_6.wav,9.063832199546486,9.288095238095238
fsd_50_7.wav,10.298707482993198,10.525510204081632
fsd_50_8.wav,10.695646258503402,10.943854875283447
fsd_50_9.wav,12.043945578231293,12.251836734693878
fsd_53_1.wav,0.503265306122449,0.7451473922902494
fsd_55_1.wav,0.2473015873015873,0.7418367346938776
fsd_55_2.wav,0.8107482993197279,1.2181179138321996
fsd_55_3.wav,1.297233560090703,1.6478684807256236
fsd_56_4.wav,1.0668027210884354,1.4880272108843537
fsd_57_1.wav,0.04090702947845805,0.6884126984126984
fsd_59_1.wav,0.009047619047619047,0.3796825396825397
fsd_5_1.wav,4.494784580498866,4.8789342403628115
fsd_5_2.wav,5.050362811791383,5.49952380952381
fsd_5_3.wav,7.361292517006802,7.7070294784580495
fsd_5_4.wav,9.40625850340136,10.041609977324264
fsd_5_5.wav,10.133242630385487,10.597165532879819
fsd_5_6.wav,10.644467120181407,11.010884353741497
fsd_5_7.wav,11.111383219954648,11.44530612244898
fsd_60_1.wav,0.12045351473922902,0.4321768707482993
fsd_60_2.wav,0.5413151927437642,0.8034467120181406
fsd_60_3.wav,0.9678458049886621,1.262562358276644
fsd_61_1.wav,0.09340136054421769,0.3750566893424036
fsd_61_2.wav,0.465578231292517,0.7231292517006803
fsd_61_3.wav,0.8486848072562359,1.015034013605442
fsd_62_1.wav,1.8481179138321995,2.262517006802721
fsd_62_2.wav,2.2753968253968253,2.6614739229024944
fsd_62_3.wav,3.5031972789115646,4.029569160997732
fsd_62_4.wav,4.061768707482993,4.5147619047619045
fsd_62_5.wav,4.7490022675736965,5.095192743764172
fsd_63_1.wav,0.6662131519274377,0.938140589569161
fsd_63_10.wav,10.595011337868481,11.240816326530613
fsd_63_11.wav,11.351292517006803,11.582403628117914
fsd_63_2.wav,0.9721541950113378,1.2610430839002267
fsd_63_3.wav,1.5041043083900227,1.6978231292517008
fsd_63_4.wav,2.5986167800453517,2.980997732426304
fsd_63_5.wav,2.984421768707483,3.2571655328798186
fsd_63_6.wav,3.4653968253968253,3.672698412698413
fsd_63_7.wav,5.605124716553288,6.322312925170068
fsd_63_8.wav,6.405600907029479,6.735306122448979
fsd_63_9.wav,6.8644897959183675,7.031020408163266
fsd_64_1.wav,1.6360090702947845,1.9689795918367348
fsd_66_1.wav,0.04621315192743764,0.2838095238095238
fsd_67_1.wav,0.20199546485260772,0.6858730158730159
fsd_67_2.wav,0.8546031746031746,1.2208390022675737
fsd_67_3.wav,1.4960997732426304,1.8024036281179139
fsd_67_4.wav,2.2263945578231294,2.5060544217687073
fsd_67_5.wav,2.750249433106576,3.0321315192743765
fsd_67_6.wav,4.6414512471655325,5.118684807256236
fsd_67_7.wav,5.151995464852607,5.547074829931973
fsd_67_8.wav,6.499365079365079,6.93219954648526
fsd_67_9.wav,6.987709750566894,7.373922902494331
fsd_68_1.wav,0.026258503401360545,0.3719954648526077
fsd_68_2.wav,0.923469387755102,1.2341950113378686
fsd_68_3.wav,1.3239455782312926,1.6478004535147392
fsd_6_1.wav,0.20233560090702948,0.5999773242630385
fsd_72_1.wav,3.7216553287981857,4.044716553287982
fsd_72_2.wav,4.062267573696145,4.315827664399093
fsd_72_3.wav,4.421043083900226,4.639523809523809
fsd_72_4.wav,6.609342403628118,7.065124716553288
fsd_72_5.wav,7.0751700680272105,7.375691609977324
fsd_72_6.wav,7.4307936507936505,7.6361451247165535
fsd_72_7.wav,9.18142857142857,9.71736961451247
fsd_73_1.wav,3.9451927437641725,4.412267573696145
fsd_73_2.wav,4.420634920634921,4.704195011337869
fsd_73_3.wav,13.728979591836735,14.262766439909297
fsd_73_4.wav,14.308662131519274,14.621405895691609
fsd_73_5.wav,14.763219954648527,15.105170068027212
fsd_74_1.wav,2.0162358276643992,2.4715646258503403
fsd_74_2.wav,2.6489115646258505,3.0254421768707482
fsd_75_1.wav,1.2129024943310658,1.6116553287981858
fsd_75_2.wav,1.8168707482993198,2.1130385487528343
fsd_75_3.wav,2.3347845804988663,2.723628117913832
fsd_75_4.wav,5.796439909297052,6.228299319727891
fsd_75_5.wav,6.50795918367347,6.837233560090703
fsd_76_1.wav,0.10188208616780045,0.7895691609977324
fsd_76_2.wav,0.8360770975056689,1.2817913832199546
fsd_77_1.wav,0.039501133786848074,0.46616780045351475
fsd_77_2.wav,0.5051020408163265,0.6713832199546486
fsd_79_1.wav,0.006303854875283447,0.6463718820861678
fsd_7_1.wav,0.0844671201814059,0.5133106575963718
fsd_7_10.wav,6.8291383219954644,7.218979591836734
fsd_7_11.wav,7.420430839002267,7.784285714285715
fsd_7_12.wav,7.992244897959184,8.232630385487528
fsd_7_13.wav,9.197573696145124,9.6718820861678
fsd_7_14.wav,9.779115646258504,10.026009070294785
fsd_7_15.wav,10.399659863945578,10.649795918367348
fsd_7_16.wav,23.482562358276645,23.69532879818594
fsd_7_17.wav,11.486417233560092,11.669954648526078
fsd_7_18.wav,12.214149659863946,12.376575963718821
fsd_7_19.wav,15.159274376417233,15.573469387755102
fsd_7_2.wav,0.5653061224489796,0.8446938775510204
fsd_7_20.wav,15.68233560090703,16.021814058956917
fsd_7_21.wav,16.302879818594104,16.603378684807257
fsd_7_22.wav,16.851927437641724,17.076077097505667
fsd_7_23.wav,23.45691609977324,23.93122448979592
fsd_7_24.wav,24.090430839002266,24.36657596371882
fsd_7_25.wav,25.234036281179137,25.6953514739229
fsd_7_26.wav,25.77986394557823,26.192448979591838
fsd_7_27.wav,26.471859410430838,26.773990929705214
fsd_7_28.wav,28.632380952380952,28.817528344671203
fsd_7_3.wav,9.377369614512471,9.559274376417234
fsd_7_4.wav,1.5805895691609977,1.749501133786848
fsd_7_5.wav,3.35281179138322,3.7686621315192745
fsd_7_6.wav,3.8466666666666667,4.2300226757369614
fsd_7_7.wav,4.444467120181406,4.78233560090703
fsd_7_8.wav,5.003265306122449,5.308639455782313
fsd_7_9.wav,6.2963265306122445,6.751156462585034
fsd_80_1.wav,0.06560090702947846,0.47435374149659865
fsd_80_2.wav,0.5694557823129252,0.8099546485260771
fsd_81_1.wav,0.0091156462585034,0.49219954648526076
fsd_81_2.wav,1.3800453514739228,1.821201814058957
fsd_82_1.wav,0.08580498866213151,0.47854875283446713
fsd_82_2.wav,1.9902040816326532,2.3070068027210886
fsd_82_3.wav,2.8548979591836736,3.36312925170068
fsd_83_1.wav,1.7031292517006802,2.125532879818594
fsd_83_2.wav,2.1955102040816326,2.4753061224489796
fsd_86_1.wav,2.296281179138322,2.5821768707482993
fsd_86_2.wav,2.6865759637188207,2.924784580498866
fsd_86_3.wav,3.0269160997732425,3.242471655328798
fsd_86_4.wav,3.3752154195011337,3.574875283446712
fsd_8_1.wav,8.408526077097505,8.670634920634921
fsd_8_2.wav,15.393446712018141,15.714920634920635
fsd_8_3.wav,9.191678004535147,9.466167800453515
fsd_8_4.wav,15.226848072562358,15.555736961451247
fsd_8_5.wav,15.637369614512473,15.88467120181406
fsd_8_6.wav,19.63142857142857,19.824308390022676
fsd_8_7.wav,19.965283446712018,20.254625850340137
fsd_91_1.wav,0.010816326530612244,0.3463718820861678
fsd_91_2.wav,0.5221541950113379,0.8093197278911565
fsd_91_3.wav,1.0321995464852607,1.232766439909297
fsd_93_1.wav,0.11049886621315193,0.3736507936507937
fsd_93_2.wav,0.5514512471655328,0.9542403628117914
fsd_95_1.wav,0.3661451247165533,0.7826077097505669
fsd_95_2.wav,0.8213832199546486,1.19718820861678
fsd_95_3.wav,2.9542630385487527,3.364920634920635
fsd_96_1.wav,13.769795918367347,14.038571428571428
fsd_97_1.wav,3.2034013605442175,3.5347619047619045
fsd_97_2.wav,4.669727891156462,5.011904761904762
fsd_97_3.wav,5.109410430839002,5.308639455782313
fsd_97_4.wav,6.469591836734694,6.733809523809524
fsd_97_5.wav,7.001337868480726,7.264467120181406
fsd_98_1.wav,0.012562358276643992,0.36158730158730157
fsd_9_1.wav,0.6371428571428571,0.8806349206349207
fsd_9_2.wav,0.8968934240362811,1.2012244897959183
fsd_9_3.wav,2.483673469387755,2.6743990929705217
fsd_9_4.wav,4.464126984126984,4.768480725623583
fsd_9_5.wav,4.837482993197279,5.076916099773243
fsd_9_6.wav,7.201451247165533,7.639727891156463
fsd_9_7.wav,10.8640589569161,11.221156462585034
